,predicted,volatility,accuracy,nValues
0,24062.35775267103,0.21376782061396285,2.036897457496698,5
1,1727.9178991010629,0.23092688534180378,1.8781646682909123,5
2,292.35104106021134,0.4748104254294954,2.6511330232663073,5
